"fecha","SPY","EFA","IJS","EEM","AGG"
"2013-01-31",0.0499228615638536,0.0366066131139067,0.0521333291263417,-0.00293494471322164,-0.0062320045752946
"2013-02-28",0.0126782154088625,-0.0129694868822967,0.0161749985930837,-0.0231054435295985,0.00589170346729695
"2013-03-31",0.0372682387234349,0.0129694868822967,0.0402586466200869,-0.0102350862176568,0.000984324680330495
"2013-04-30",0.0190298531732482,0.0489676909289325,0.00122199350772911,0.0120845179967617,0.00963959868307551
"2013-05-31",0.0233356659023212,-0.0306556776972373,0.041976346524689,-0.0494832884876715,-0.0202134590436014
"2013-06-30",-0.0134346798132619,-0.027144409719821,-0.00140267772321012,-0.0547283719576179,-0.0157781915440411
"2013-07-31",0.0503859006328611,0.0518603177549735,0.0635412814159992,0.0131598879759522,0.00268701890810163
"2013-08-31",-0.0304513196136247,-0.019746329198485,-0.0347436502578571,-0.025705652000604,-0.00829840616689204
"2013-09-30",0.0311561589250946,0.0753386276650168,0.0638736768520611,0.0695890604913161,0.0111442043702406
"2013-10-31",0.0452669014078477,0.0320818170929518,0.034234351406087,0.0408613404364373,0.00829229325916092
"2013-11-30",0.0292067852322733,0.00544946259479717,0.0416609729811772,-0.00259435569042443,-0.00251028430483924
"2013-12-31",0.0255957452090891,0.0215281391482756,0.0128923650024055,-0.00407440594102848,-0.00558272702913776
"2014-01-31",-0.0358841301023736,-0.0534132566935006,-0.0357750704691919,-0.0903226388892611,0.0152912106793641
"2014-02-28",0.0445099577873682,0.0595048290065869,0.0452570419312788,0.0332205534293806,0.00375738498951339
"2014-03-31",0.00826120615697423,-0.00460240591556449,0.0133153435763202,0.038021962216567,-0.00148157102733748
"2014-04-30",0.006927869947563,0.0165292830051578,-0.0231845150592802,0.00777272981427979,0.0081831093985274
"2014-05-31",0.0229410781564772,0.0158284562332169,0.00620559123778008,0.0290912178968523,0.0117215659780863
"2014-06-30",0.0204345479332133,0.00916555121407114,0.0377184812732927,0.0237339090170883,-0.000575378881611854
"2014-07-31",-0.0135283763296501,-0.0263800322544134,-0.0520094179212323,0.0135555350709833,-0.0025126531982762
"2014-08-31",0.0387043352987435,0.00180037032493008,0.0436578749368648,0.0279045870992776,0.0114308713576134
"2014-09-30",-0.0138916985464004,-0.0395982736916638,-0.0612602324974776,-0.0808567510255376,-0.0061673830722011
"2014-10-31",0.0232776373620727,-0.00265492048397808,0.0688747959822233,0.0140968276947779,0.0105846187434686
"2014-11-30",0.0271011120669602,0.000625321600124185,0.00477340104684698,-0.015541701118106,0.00654858593609564
"2014-12-31",-0.00253978131546084,-0.0407464972573561,0.0252960642710001,-0.040442146897977,0.00147515920779995
"2015-01-31",-0.0300768156121594,0.00622627175065649,-0.0546278516064103,-0.00689570866179379,0.020315545994686
"2015-02-28",0.0546815790273447,0.0614508720499147,0.056914477244431,0.0431364371085525,-0.00898892783252236
"2015-03-31",-0.0158304580162234,-0.014389063332739,0.0101563257422437,-0.0150864313600487,0.00374040944420084
"2015-04-30",0.00978613605972711,0.0358164136957035,-0.0184178253287519,0.0662814459298517,-0.00323269401621928
"2015-05-31",0.0127741888250421,0.00195302958556542,0.00750987154034899,-0.0419114333575545,-0.00438385822469733
"2015-06-30",-0.0205211207236839,-0.0316788519288314,0.00417144518923163,-0.0297463281606545,-0.0108257183294009
"2015-07-31",0.0223380484651718,0.0201142964570309,-0.0273755847181221,-0.0651782222036292,0.00858526951602112
"2015-08-31",-0.0628870269466519,-0.0771526148727548,-0.0472680663490714,-0.0925122097084348,-0.00336389363487211
"2015-09-30",-0.0258471530289306,-0.0451946386251714,-0.0384648521517055,-0.0318250942106633,0.00808118127292801
"2015-10-31",0.0816352359928603,0.0640259448946234,0.0635898074381167,0.0618082146242558,0.000685242501789141
"2015-11-30",0.00364870307845866,-0.00755592124658477,0.0244152579342671,-0.0255604561480882,-0.00389843700656911
"2015-12-31",-0.0174339274656115,-0.0235948273720963,-0.0521567866495012,-0.0389470134488539,-0.00191844003397268
"2016-01-31",-0.0510686199485075,-0.0567579301821874,-0.0603071899914669,-0.0516366930637702,0.0123300367627319
"2016-02-29",-0.000826537280046225,-0.0339139751436748,0.0206052591856039,-0.00821149838623114,0.00883089234893308
"2016-03-31",0.0651005091784151,0.0637456454663905,0.0899105275190388,0.121878843985409,0.00870951517150331
"2016-04-30",0.00393335076731649,0.0219751196560107,0.0210440686794335,0.00407920548222984,0.00254619818312918
"2016-05-31",0.0168685774422643,-0.000856303967900818,0.0043971568181318,-0.03762826470851,0.000135391205985158
"2016-06-30",0.00346941048676275,-0.0244912619747621,0.0082922396847338,0.0445821932833534,0.019167280097351
"2016-07-31",0.0358225044383307,0.0390001136228091,0.0493481460945153,0.0524422811730272,0.00542871163649128
"2016-08-31",0.00119682748822036,0.00532692235331211,0.0112613336029499,0.00879852343881282,-0.00215554231575776
"2016-09-30",5.76601844279878e-05,0.013279184123177,0.00861470797693498,0.0248730217192366,0.000515923751685854
"2016-10-31",-0.0174889202888489,-0.0224038862106384,-0.0381349229404928,-0.00831248051480937,-0.00820553915140376
"2016-11-30",0.0361761489797878,-0.0179742288257243,0.125246252039766,-0.0451618257262991,-0.0259896052045256
"2016-12-31",0.0200690997351725,0.02670280497051,0.0314922455855982,-0.00252996373491898,0.00253796329399592
"2017-01-31",0.0177365973910186,0.0323817542913152,-0.0121440562902215,0.0644315291368764,0.00212632769658949
"2017-02-28",0.0385390906582836,0.0118365519730537,0.0134287624295162,0.017257799939209,0.00643807302448263
"2017-03-31",0.00124931055321476,0.0318056522500538,-0.0065334924263194,0.0361886705841132,-0.000552838085555507
"2017-04-30",0.00987718460041265,0.0239521387403876,0.0051079518951358,0.0168666627407563,0.00902894362302664
"2017-05-31",0.0140141007112042,0.0348103840751643,-0.0228625272547474,0.0280599209397421,0.00684781966255343
"2017-06-30",0.00635464319090762,0.00295612017107594,0.0291517202798914,0.00922378736504692,-0.000182929195404746
"2017-07-31",0.0203459825516035,0.0261876747330283,0.00748122275130658,0.0565946442476006,0.00333458460563474
"2017-08-31",0.00291331004956952,-0.000448200663030196,-0.0275641934071844,0.023243747259694,0.0093691259004709
"2017-09-30",0.0199490561467792,0.0233426644989283,0.0823214877823286,-0.000446029988597552,-0.00573236381900788
"2017-10-31",0.0232906739736745,0.0166538140624728,0.00591646309744842,0.0322782651081939,0.000978181344384765
"2017-11-30",0.0301082194760003,0.00686994579991129,0.0369130013396335,-0.00389693216752551,-0.00148448798119816
"2017-12-31",0.0120549406493291,0.0133983610282864,-0.0037309477853551,0.0369253372941705,0.00474053812138298
"2018-01-31",0.0548284196627806,0.0489865663438502,0.0131960934970232,0.0797163178050715,-0.0113143873382366
"2018-02-28",-0.0370380435992006,-0.0495558233629589,-0.0412607785680486,-0.0607961703093221,-0.0101382683454361
"2018-03-31",-0.0277931757874228,-0.00843160290989298,0.013534518197484,0.00539963118620568,0.00668891094672031
"2018-04-30",0.00515461803780948,0.0150980748932414,0.017481030839682,-0.0285733378908533,-0.00945526093197646
"2018-05-31",0.0240184474005032,-0.0191242941642638,0.0570387808026398,-0.0265643714324653,0.00659669064488266
"2018-06-30",0.00573429096507994,-0.0159679078644159,0.00796516052254326,-0.0465225925430963,0.00102575003746797
"2018-07-31",0.0363773495655524,0.0281209537816283,0.0258169345830961,0.0347009665524212,-0.000291813917368877
"2018-08-31",0.0314208856822695,-0.0226113924803055,0.0309127108160983,-0.0384003856204775,0.00566406019806909
"2018-09-30",0.00592766938473677,0.00960623527341076,-0.0310220492883104,-0.00580782062792551,-0.00621727668550953
"2018-10-31",-0.0716079456375436,-0.0848341711688083,-0.104675291971319,-0.0916822002573481,-0.00646087629525205
"2018-11-30",0.0183791834060756,0.00495084037826654,0.00570407943018125,0.0478657013869213,0.0076858689672008
"2018-12-31",-0.0921681546345097,-0.0549816888680366,-0.132287965918772,-0.0355121716538425,0.0196179152251155
"2019-01-31",0.0770217269896012,0.0642406774224109,0.115614996409572,0.0984242765067012,0.00906808831022587
"2019-02-28",0.0319014324059408,0.0250505347632233,0.0405167866400014,-0.0154318077373827,-0.00113865254579526
"2019-03-31",0.0179387290488231,0.00913815286849262,-0.0399203684093914,0.0112465516637075,0.0210034391899265
"2019-04-30",0.040040299661249,0.0288729638750587,0.0422690707029805,0.0232594872337333,-0.00200584365905776
"2019-05-31",-0.0658958502644884,-0.0516399642853154,-0.105136918474001,-0.0761238363150438,0.0189286109681861
"2019-06-30",0.0672720401097848,0.0574348517573537,0.07379724532555,0.0602271770732479,0.0109261412468102
"2019-07-31",0.0150060780981187,-0.019665769786422,0.0129029833826788,-0.0269268394307991,0.00181627957970143
"2019-08-31",-0.0168848663436529,-0.0194272285032748,-0.0527800730954366,-0.0385601480410198,0.0274477360095879
"2019-09-30",0.0192709616330458,0.0311503421113812,0.054208757739266,0.0167783038469191,-0.00613990504602402
"2019-10-31",0.0218638017935513,0.0333286663570651,0.0198427951337159,0.0409884668524998,0.00207921262795807
"2019-11-30",0.0355588713470461,0.0112097764753143,0.0267286442939616,-0.000940028513883195,-0.000345643213733204
"2019-12-31",0.0286409970038335,0.0295142090895588,0.0279949949281937,0.0744603968484041,-0.000468014816256357
"2020-01-31",-0.000403847487146614,-0.0286319705518245,-0.0651358794354602,-0.0634842844708383,0.0200869450296528
"2020-02-29",-0.0824750709949367,-0.0808333623566688,-0.107013884048447,-0.0384894875201209,0.0157225695609577
"2020-03-31",-0.133384499793987,-0.152064096106661,-0.29785023540984,-0.171618833721616,-0.00528196146748527
"2020-04-30",0.119544707587914,0.0565450927587259,0.130048328273476,0.0709636665981068,0.0170450097038275
"2020-05-31",0.0465450356428079,0.0528474844065641,0.0251598147985601,0.0293149873756224,0.00670284044749625
"2020-06-30",0.017578719130019,0.0345097276853776,0.0352150413643133,0.0639595657119045,0.00656907486630942
"2020-07-31",0.0572234886495941,0.0191999734777646,0.0254279672550917,0.0792922344454743,0.0132436250125005
"2020-08-31",0.0674688501611884,0.0461392180784381,0.0494571543250597,0.0284658849214567,-0.00826920818575072
"2020-09-30",-0.0381626368933699,-0.0206802415597309,-0.0533345293087635,-0.0101547124987418,-0.000974141500686976
"2020-10-31",-0.0252498767938354,-0.0361523307785507,0.0359416153684213,0.013964127554206,-0.00559869090536136
"2020-11-30",0.103257701527172,0.133388861148662,0.175732988654028,0.0860975919914844,0.0119950845891994
"2020-12-31",0.036378183188714,0.0489367158272014,0.0722840026008003,0.0688679582358254,0.000857414783602017
"2021-01-31",-0.0102425685160412,-0.00784309050772158,0.0606027727767247,0.0312466772701283,-0.0074737798131661
"2021-02-28",0.0274257625729453,0.0221321162966195,0.102555095314848,0.00784754881181238,-0.0152976569259415
"2021-03-31",0.0443991812958284,0.0248210095385426,0.054641929922691,-0.00728502040438617,-0.0115295986514887
"2021-04-30",0.0515581981524553,0.0290968811851107,0.0167343780783833,0.0119270856930433,0.00729344235193441
"2021-05-31",0.00654452915943349,0.0342298267381569,0.0382102916437619,0.0163531036456139,0.00203606468298378
"2021-06-30",0.0221799863058765,-0.0108383768030098,-0.00717290835481865,0.00945923201490961,0.00824548663453495
"2021-07-31",0.0241190335235952,0.00770333430861925,-0.0446114181051911,-0.0665350986918911,0.0111035002429247
"2021-08-31",0.0293256333012266,0.0143635642825526,0.0180841461704624,0.0155757457524159,-0.00200545632912963
"2021-09-30",-0.0477263717807208,-0.0331576252697214,-0.0146465597484795,-0.0395032094378291,-0.0092141936873773
"2021-10-31",0.0678114357116151,0.0312957708326485,0.0282065371750333,0.0106616756651996,-8.73754211463407e-05
"2021-11-30",-0.00806728582076488,-0.0464077361662962,-0.0265196018923204,-0.0417062160208781,0.00270454821632082
"2021-12-31",0.0477335424035852,0.0438620914644989,0.0408899639405123,0.0198591514037321,-0.00324281461483888
